INSERT INTO role (id, name) VALUES ('00000000-0000-0001-0000-000000000000', 'ADMIN');
INSERT INTO role (id, name) VALUES ('00000000-0000-0002-0000-000000000000', 'PROVIDER');
INSERT INTO role (id, name) VALUES ('00000000-0000-0003-0000-000000000000', 'OWNER');
INSERT INTO role (id, name) VALUES ('00000000-0000-0004-0000-000000000000', 'ACCOUNTANT');
INSERT INTO role (id, name) VALUES ('00000000-0000-0005-0000-000000000000', 'SELLER');

INSERT INTO gender (id, name) VALUES ('00000000-0000-0001-0000-000000000000', 'MALE');
INSERT INTO gender (id, name) VALUES ('00000000-0000-0002-0000-000000000000', 'FEMALE');

INSERT INTO city (id, name) VALUES ('00000000-0000-0001-0000-000000000000', 'АСТАНА');
INSERT INTO city (id, name) VALUES ('00000000-0000-0002-0000-000000000000', 'КАРАГАНДА');

INSERT INTO area (id, name, city_id)
VALUES ('00000000-0000-0001-0000-000000000000', 'Есильский', '00000000-0000-0001-0000-000000000000');
INSERT INTO area (id, name, city_id)
VALUES ('00000000-0000-0002-0000-000000000000', 'Алматинский', '00000000-0000-0001-0000-000000000000');
INSERT INTO area (id, name, city_id)
VALUES ('00000000-0000-0003-0000-000000000000', 'Сарыаркинский', '00000000-0000-0001-0000-000000000000');

INSERT INTO area (id, name, city_id)
VALUES ('00000000-0000-0004-0000-000000000000', 'Юг', '00000000-0000-0002-0000-000000000000');
INSERT INTO area (id, name, city_id)
VALUES ('00000000-0000-0005-0000-000000000000', 'Центральный', '00000000-0000-0002-0000-000000000000');

INSERT INTO category (id, name) VALUES ('00000000-0000-0001-0000-000000000000', 'Напитки');
INSERT INTO category (id, name) VALUES ('00000000-0000-0002-0000-000000000000', 'Алкоголь');
INSERT INTO category (id, name) VALUES ('00000000-0000-0003-0000-000000000000', 'Печенье');

/*TODO change types*/
INSERT INTO type (id, name) VALUES ('00000000-0000-0001-0000-000000000000', 'A');
INSERT INTO type (id, name) VALUES ('00000000-0000-0002-0000-000000000000', 'B');
INSERT INTO type (id, name) VALUES ('00000000-0000-0003-0000-000000000000', 'С');

INSERT INTO admin (id, is_blocked, email, end_work_date, name, password, patronymic, start_work_date, surname, username, role_id, gender_id)
VALUES
  ('00000000-0000-0001-0000-000000000000', FALSE, 'yakovshmidt93@gmail.com', NULL, 'Yakov',
                                           '$2a$10$5/0IiLwNrICc3Dmq/7AWKO08qK13AKH2tWIytGe9a2.WZHIj2WwPa',
                                           'Vladimirovich', '11-11-2011', 'Shmidt', 'yakov11',
                                           '00000000-0000-0001-0000-000000000000',
   '00000000-0000-0001-0000-000000000000');

INSERT INTO unit (id, name, symbol) VALUES ('00000000-0000-0001-0000-000000000000', 'Килограмм', 'кг');
INSERT INTO unit (id, name, symbol) VALUES ('00000000-0000-0002-0000-000000000000', 'Литр', 'л');
INSERT INTO unit (id, name, symbol) VALUES ('00000000-0000-0003-0000-000000000000', 'Штука', 'шт');

INSERT INTO shop (id, address, is_blocked, name, area_id, type_id, iin) VALUES
  ('00000000-0000-0001-0000-000000000000', 'Туркистан 8/2', FALSE, 'Gal Mart', '00000000-0000-0001-0000-000000000000',
   '00000000-0000-0001-0000-000000000000', 123213123);

INSERT INTO warehouse (id, arrival, import_date, residue, shop_id) VALUES
  ('00000000-0000-0001-0000-000000000000', 100, NULL, 50, '00000000-0000-0001-0000-000000000000');

INSERT INTO EMPLOYEE (ID, IS_BLOCKED, FIRST_NAME, PASSWORD, SURNAME, USERNAME, ROLE_ID, SHOP_ID) VALUES
  ('00000000-0000-0001-0000-000000000000', FALSE, 'FIRSTNAME',
   '$2a$10$5/0IiLwNrICc3Dmq/7AWKO08qK13AKH2tWIytGe9a2.WZHIj2WwPa', 'surname', 'owner',
   '00000000-0000-0003-0000-000000000000', '00000000-0000-0001-0000-000000000000');